season,venue_name,1st_inning_score,2nd_inning_score
2008,"Arun Jaitley Stadium, Delhi",160.2,154.8
2008,"Dr DY Patil Sports Academy, Mumbai",145.5,139.0
2008,"Eden Gardens, Kolkata",139.85714285714286,123.42857142857143
2008,"M.Chinnaswamy Stadium, Bengaluru",156.14285714285714,135.57142857142858
2008,"MA Chidambaram Stadium, Chepauk, Chennai",169.42857142857142,164.28571428571428
2008,"Punjab Cricket Association IS Bindra Stadium, Mohali, Chandigarh",185.28571428571428,165.14285714285714
2008,"Rajiv Gandhi International Stadium, Uppal, Hyderabad",178.66666666666666,172.83333333333334
2008,"Sawai Mansingh Stadium, Jaipur",158.42857142857142,143.85714285714286
2008,"Wankhede Stadium, Mumbai",146.83333333333334,130.5
2009,"Buffalo Park, East London",147.33333333333334,119.0
2009,"Diamond Oval, Kimberley",158.0,141.0
2009,"Kingsmead, Durban",150.5,136.57142857142858
2009,"Mangaung Oval, Bloemfontein",135.0,129.5
2009,"Newlands, Cape Town",139.42857142857142,112.57142857142857
2009,"St George's Park, Port Elizabeth",159.0,131.42857142857142
2009,"SuperSport Park, Centurion",155.7,149.1
2009,"The Wanderers Stadium, Johannesburg",144.0,142.5
2010,"Arun Jaitley Stadium, Delhi",177.16666666666666,137.83333333333334
2010,"Barabati Stadium, Cuttack",170.0,164.0
2010,"Brabourne Stadium, Mumbai",174.57142857142858,160.42857142857142
2010,"Dr DY Patil Sports Academy, Mumbai",151.5,127.66666666666667
2010,"Eden Gardens, Kolkata",160.85714285714286,148.71428571428572
2010,"Himachal Pradesh Cricket Association Stadium, Dharamsala",183.0,186.5
2010,"M.Chinnaswamy Stadium, Bengaluru",169.14285714285714,154.28571428571428
2010,"MA Chidambaram Stadium, Chepauk, Chennai",164.14285714285714,153.85714285714286
2010,"Punjab Cricket Association IS Bindra Stadium, Mohali, Chandigarh",168.6,156.8
2010,"Sardar Patel (Gujarat) Stadium, Motera, Ahmedabad",158.5,146.75
2010,"Sawai Mansingh Stadium, Jaipur",152.33333333333334,142.0
2010,"Vidarbha Cricket Association Stadium, Jamtha, Nagpur",149.33333333333334,144.66666666666666
2011,"Arun Jaitley Stadium, Delhi",154.8,146.8
2011,"Dr DY Patil Sports Academy, Mumbai",143.14285714285714,142.14285714285714
2011,"Eden Gardens, Kolkata",136.42857142857142,128.42857142857142
2011,"Himachal Pradesh Cricket Association Stadium, Dharamsala",200.0,126.0
2011,"Holkar Cricket Stadium, Indore",137.5,139.5
2011,"M.Chinnaswamy Stadium, Bengaluru",144.66666666666666,130.0
2011,"MA Chidambaram Stadium, Chepauk, Chennai",167.55555555555554,145.88888888888889
2011,"Nehru Stadium, Kochi",146.8,125.8
2011,"Punjab Cricket Association IS Bindra Stadium, Mohali, Chandigarh",166.25,136.75
2011,"Rajiv Gandhi International Stadium, Uppal, Hyderabad",159.0,145.0
2011,"Sawai Mansingh Stadium, Jaipur",142.57142857142858,135.14285714285714
2011,"Wankhede Stadium, Mumbai",154.55555555555554,147.77777777777777
2012,"Arun Jaitley Stadium, Delhi",166.42857142857142,156.0
2012,"Barabati Stadium, Cuttack",156.0,150.0
2012,"Dr. Y.S. Rajasekhara Reddy ACA-VDCA Cricket Stadium, Visakhapatnam",165.5,130.5
2012,"Eden Gardens, Kolkata",148.85714285714286,138.57142857142858
2012,"Himachal Pradesh Cricket Association Stadium, Dharamsala",130.5,134.0
2012,"M.Chinnaswamy Stadium, Bengaluru",174.5,156.5
2012,"MA Chidambaram Stadium, Chepauk, Chennai",160.8,150.3
2012,"Maharashtra Cricket Association Stadium, Pune",151.11111111111111,137.33333333333334
2012,"Punjab Cricket Association IS Bindra Stadium, Mohali, Chandigarh",156.16666666666666,151.33333333333334
2012,"Rajiv Gandhi International Stadium, Uppal, Hyderabad",142.66666666666666,132.0
2012,"Sawai Mansingh Stadium, Jaipur",167.375,150.125
2012,"Wankhede Stadium, Mumbai",141.875,131.625
2013,"Arun Jaitley Stadium, Delhi",154.5,137.75
2013,"Eden Gardens, Kolkata",147.5,140.5
2013,"Himachal Pradesh Cricket Association Stadium, Dharamsala",177.0,148.5
2013,"JSCA International Stadium Complex, Ranchi",142.5,139.5
2013,"M.Chinnaswamy Stadium, Bengaluru",160.375,142.5
2013,"MA Chidambaram Stadium, Chepauk, Chennai",171.25,159.75
2013,"Maharashtra Cricket Association Stadium, Pune",143.75,126.125
2013,"Punjab Cricket Association IS Bindra Stadium, Mohali, Chandigarh",160.83333333333334,156.5
2013,"Rajiv Gandhi International Stadium, Uppal, Hyderabad",134.625,120.375
2013,"Sawai Mansingh Stadium, Jaipur",154.375,142.875
2013,"Shaheed Veer Narayan Singh International Stadium, Raipur",150.0,143.0
2013,"Wankhede Stadium, Mumbai",176.625,141.625
2014,"Arun Jaitley Stadium, Delhi",159.4,141.4
2014,"Barabati Stadium, Cuttack",173.66666666666666,159.66666666666666
2014,"Brabourne Stadium, Mumbai",173.0,176.0
2014,Dubai International Cricket Stadium,148.85714285714286,146.0
2014,"Eden Gardens, Kolkata",168.0,154.25
2014,"JSCA International Stadium Complex, Ranchi",154.75,148.5
2014,"M.Chinnaswamy Stadium, Bengaluru",180.33333333333334,174.16666666666666
2014,"Punjab Cricket Association IS Bindra Stadium, Mohali, Chandigarh",150.0,147.0
2014,"Rajiv Gandhi International Stadium, Uppal, Hyderabad",166.0,169.5
2014,"Sardar Patel (Gujarat) Stadium, Motera, Ahmedabad",170.75,138.5
2014,Sharjah Cricket Stadium,158.16666666666666,146.66666666666666
2014,"Sheikh Zayed Stadium, Abu Dhabi",147.42857142857142,125.57142857142857
2014,"Wankhede Stadium, Mumbai",183.33333333333334,175.5
2015,"Arun Jaitley Stadium, Delhi",146.6,140.8
2015,"Brabourne Stadium, Mumbai",196.33333333333334,186.33333333333334
2015,"Dr. Y.S. Rajasekhara Reddy ACA-VDCA Cricket Stadium, Visakhapatnam",156.66666666666666,131.66666666666666
2015,"Eden Gardens, Kolkata",176.14285714285714,164.71428571428572
2015,"JSCA International Stadium Complex, Ranchi",139.0,140.0
2015,"M.Chinnaswamy Stadium, Bengaluru",180.0,120.33333333333333
2015,"MA Chidambaram Stadium, Chepauk, Chennai",164.0,138.28571428571428
2015,"Maharashtra Cricket Association Stadium, Pune",165.5,143.25
2015,"Punjab Cricket Association IS Bindra Stadium, Mohali, Chandigarh",139.5,124.25
2015,"Rajiv Gandhi International Stadium, Uppal, Hyderabad",156.25,136.75
2015,"Sardar Patel (Gujarat) Stadium, Motera, Ahmedabad",160.25,161.75
2015,"Shaheed Veer Narayan Singh International Stadium, Raipur",141.0,138.5
2015,"Wankhede Stadium, Mumbai",181.125,167.625
2016,"Arun Jaitley Stadium, Delhi",159.85714285714286,152.28571428571428
2016,"Dr. Y.S. Rajasekhara Reddy ACA-VDCA Cricket Stadium, Visakhapatnam",156.16666666666666,121.16666666666667
2016,"Eden Gardens, Kolkata",152.0,144.14285714285714
2016,"Green Park, Kanpur",148.0,149.0
2016,"M.Chinnaswamy Stadium, Bengaluru",196.66666666666666,166.0
2016,"Maharashtra Cricket Association Stadium, Pune",174.75,172.75
2016,"Punjab Cricket Association IS Bindra Stadium, Mohali, Chandigarh",167.85714285714286,163.71428571428572
2016,"Rajiv Gandhi International Stadium, Uppal, Hyderabad",144.42857142857142,141.28571428571428
2016,"Saurashtra Cricket Association Stadium, Rajkot",156.2,152.8
2016,"Shaheed Veer Narayan Singh International Stadium, Raipur",148.0,150.0
2016,"Wankhede Stadium, Mumbai",152.0,155.5
2017,"Arun Jaitley Stadium, Delhi",184.28571428571428,155.28571428571428
2017,"Eden Gardens, Kolkata",164.0,149.42857142857142
2017,"Green Park, Kanpur",174.5,177.5
2017,"Holkar Cricket Stadium, Indore",169.66666666666666,171.0
2017,"M.Chinnaswamy Stadium, Bengaluru",140.625,124.125
2017,"Maharashtra Cricket Association Stadium, Pune",162.57142857142858,142.71428571428572
2017,"Punjab Cricket Association IS Bindra Stadium, Mohali, Chandigarh",157.5,148.5
2017,"Rajiv Gandhi International Stadium, Uppal, Hyderabad",164.5,150.875
2017,"Saurashtra Cricket Association Stadium, Rajkot",181.6,172.6
2017,"Wankhede Stadium, Mumbai",171.0,166.375
2018,"Arun Jaitley Stadium, Delhi",180.28571428571428,159.71428571428572
2018,"Eden Gardens, Kolkata",175.22222222222223,145.33333333333334
2018,"Holkar Cricket Stadium, Indore",164.75,159.25
2018,"M.Chinnaswamy Stadium, Bengaluru",187.28571428571428,181.85714285714286
2018,"MA Chidambaram Stadium, Chepauk, Chennai",202.0,205.0
2018,"Maharashtra Cricket Association Stadium, Pune",173.83333333333334,162.5
2018,"Punjab Cricket Association IS Bindra Stadium, Mohali, Chandigarh",185.33333333333334,179.33333333333334
2018,"Rajiv Gandhi International Stadium, Uppal, Hyderabad",152.42857142857142,150.42857142857142
2018,"Sawai Mansingh Stadium, Jaipur",161.28571428571428,140.71428571428572
2018,"Wankhede Stadium, Mumbai",171.33333333333334,162.33333333333334
2019,"Arun Jaitley Stadium, Delhi",156.28571428571428,150.28571428571428
2019,"Dr. Y.S. Rajasekhara Reddy ACA-VDCA Cricket Stadium, Visakhapatnam",154.5,158.0
2019,"Eden Gardens, Kolkata",194.0,184.71428571428572
2019,"M.Chinnaswamy Stadium, Bengaluru",163.0,157.57142857142858
2019,"MA Chidambaram Stadium, Chepauk, Chennai",144.125,125.375
2019,"Punjab Cricket Association IS Bindra Stadium, Mohali, Chandigarh",171.42857142857142,168.85714285714286
2019,"Rajiv Gandhi International Stadium, Uppal, Hyderabad",171.5,142.375
2019,"Sawai Mansingh Stadium, Jaipur",163.42857142857142,163.57142857142858
2019,"Wankhede Stadium, Mumbai",176.14285714285714,166.14285714285714
2020,Dubai International Cricket Stadium,171.53846153846155,149.15384615384616
2020,Sharjah Cricket Stadium,177.91666666666666,163.33333333333334
2020,"Sheikh Zayed Stadium, Abu Dhabi",162.5,152.0
2021,"Arun Jaitley Stadium, Delhi",195.0,182.25
2021,Dubai International Cricket Stadium,156.23076923076923,150.6153846153846
2021,"MA Chidambaram Stadium, Chepauk, Chennai",154.8,147.5
2021,"Narendra Modi Stadium, Motera, Ahmedabad",158.6,152.8
2021,Sharjah Cricket Stadium,136.9,129.0
2021,"Sheikh Zayed Stadium, Abu Dhabi",159.0,150.375
2021,"Wankhede Stadium, Mumbai",176.6,164.4
2022,"Brabourne Stadium, Mumbai",177.25,164.1875
2022,"Dr DY Patil Sports Academy, Navi Mumbai",170.7,157.95
2022,"Eden Gardens, Kolkata",197.5,192.0
2022,"Maharashtra Cricket Association Stadium, Pune",171.46153846153845,144.53846153846155
2022,"Narendra Modi Stadium, Motera, Ahmedabad",143.5,147.0
2022,"Wankhede Stadium, Mumbai",166.76190476190476,161.38095238095238
2023,"Arun Jaitley Stadium, Delhi",175.57142857142858,160.14285714285714
2023,"Barsapara Cricket Stadium, Guwahati",198.0,167.0
2023,"Bharat Ratna Shri Atal Bihari Vajpayee Ekana Cricket Stadium, Lucknow",151.83333333333334,139.83333333333334
2023,"Eden Gardens, Kolkata",192.85714285714286,171.71428571428572
2023,"Himachal Pradesh Cricket Association Stadium, Dharamsala",187.0,189.0
2023,"M.Chinnaswamy Stadium, Bengaluru",195.57142857142858,187.57142857142858
2023,"MA Chidambaram Stadium, Chepauk, Chennai",170.0,155.66666666666666
2023,"Narendra Modi Stadium, Motera, Ahmedabad",195.33333333333334,168.0
2023,"Punjab Cricket Association IS Bindra Stadium, Mohali, Chandigarh",197.8,173.4
2023,"Rajiv Gandhi International Stadium, Uppal, Hyderabad",174.42857142857142,161.28571428571428
2023,"Sawai Mansingh Stadium, Jaipur",171.8,141.8
2023,"Wankhede Stadium, Mumbai",200.0,194.33333333333334
