{
    "team_name": [
        "CSK",
        "DC",
        "GT",
        "KKR",
        "KXIP",
        "LSG",
        "MI",
        "RCB",
        "RR",
        "SRH"
    ],
    "opp_team": [
        "CSK",
        "DC",
        "GL",
        "GT",
        "KKR",
        "KXIP",
        "Kochi",
        "LSG",
        "MI",
        "PBKS",
        "PWI",
        "RCB",
        "RPS",
        "RR",
        "SRH"
    ],
    "venue_name": [
        "Arun Jaitley Stadium, Delhi",
        "Barabati Stadium, Cuttack",
        "Barsapara Cricket Stadium, Guwahati",
        "Bharat Ratna Shri Atal Bihari Vajpayee Ekana Cricket Stadium, Lucknow",
        "Brabourne Stadium, Mumbai",
        "Buffalo Park, East London",
        "Diamond Oval, Kimberley",
        "Dr DY Patil Sports Academy, Mumbai",
        "Dr DY Patil Sports Academy, Navi Mumbai",
        "Dr. Y.S. Rajasekhara Reddy ACA-VDCA Cricket Stadium, Visakhapatnam",
        "Dubai International Cricket Stadium",
        "Eden Gardens, Kolkata",
        "Green Park, Kanpur",
        "Himachal Pradesh Cricket Association Stadium, Dharamsala",
        "Holkar Cricket Stadium, Indore",
        "JSCA International Stadium Complex, Ranchi",
        "Kingsmead, Durban",
        "M.Chinnaswamy Stadium, Bengaluru",
        "MA Chidambaram Stadium, Chepauk, Chennai",
        "Maharashtra Cricket Association Stadium, Pune",
        "Mangaung Oval, Bloemfontein",
        "Narendra Modi Stadium, Motera, Ahmedabad",
        "Nehru Stadium, Kochi",
        "Newlands, Cape Town",
        "Punjab Cricket Association IS Bindra Stadium, Mohali, Chandigarh",
        "Rajiv Gandhi International Stadium, Uppal, Hyderabad",
        "Sardar Patel (Gujarat) Stadium, Motera, Ahmedabad",
        "Saurashtra Cricket Association Stadium, Rajkot",
        "Sawai Mansingh Stadium, Jaipur",
        "Shaheed Veer Narayan Singh International Stadium, Raipur",
        "Sharjah Cricket Stadium",
        "Sheikh Zayed Stadium, Abu Dhabi",
        "St George's Park, Port Elizabeth",
        "SuperSport Park, Centurion",
        "The Wanderers Stadium, Johannesburg",
        "Vidarbha Cricket Association Stadium, Jamtha, Nagpur",
        "Wankhede Stadium, Mumbai"
    ],
    "toss_decision": [
        "bat",
        "bowl"
    ],
    "toss_won": [
        0,
        1
    ]
}